{"cameraMode":{"drawMode":0,"name":"Shaded","section":"Shading Mode"},"sceneLighting":true,"audioPlay":false,"sceneViewState":{"m_AlwaysRefresh":false,"showFog":true,"showSkybox":true,"showFlares":true,"showImageEffects":true,"showParticleSystems":true,"showVisualEffectGraphs":true,"m_FxEnabled":true},"in2DMode":false,"pivot":{"x":-20.411720275878908,"y":-4.613724708557129,"z":-76.92869567871094},"rotation":{"x":0.7049433588981628,"y":0.007446725387126207,"z":-0.007402177434414625,"w":0.7091858983039856},"size":120.77388000488281,"orthographic":true}