{"cameraMode":{"drawMode":0,"name":"Shaded","section":"Shading Mode"},"sceneLighting":true,"audioPlay":false,"sceneViewState":{"m_AlwaysRefresh":false,"showFog":true,"showSkybox":true,"showFlares":true,"showImageEffects":true,"showParticleSystems":true,"showVisualEffectGraphs":true,"m_FxEnabled":true},"in2DMode":false,"pivot":{"x":-238.68951416015626,"y":0.6942567825317383,"z":14.026792526245118},"rotation":{"x":0.13026243448257447,"y":0.7980961203575134,"z":-0.1851245015859604,"w":0.5586421489715576},"size":1.5088609457015992,"orthographic":false}