{"cameraMode":{"drawMode":0,"name":"Shaded","section":"Shading Mode"},"sceneLighting":true,"audioPlay":false,"sceneViewState":{"m_AlwaysRefresh":false,"showFog":true,"showSkybox":true,"showFlares":true,"showImageEffects":true,"showParticleSystems":true,"showVisualEffectGraphs":true,"m_FxEnabled":true},"in2DMode":false,"pivot":{"x":7.292433261871338,"y":-6.104184627532959,"z":27.135953903198243},"rotation":{"x":0.15825942158699037,"y":-0.043684221804142,"z":0.006250408012419939,"w":0.9867823719978333},"size":28.833873748779298,"orthographic":false}