{"cameraMode":{"drawMode":0,"name":"Shaded","section":"Shading Mode"},"sceneLighting":true,"audioPlay":false,"sceneViewState":{"m_AlwaysRefresh":false,"showFog":true,"showSkybox":true,"showFlares":true,"showImageEffects":true,"showParticleSystems":true,"showVisualEffectGraphs":true,"m_FxEnabled":true},"in2DMode":false,"pivot":{"x":-254.6236572265625,"y":24.081933975219728,"z":-156.26760864257813},"rotation":{"x":-0.46624064445495608,"y":-0.26013293862342837,"z":0.14562655985355378,"w":-0.8329284191131592},"size":0.8660253882408142,"orthographic":false}